{
  "description": "StandardScaler parameters for ONNX inference. normalized = (raw - mean) / scale",
  "seq_features": [
    "dx",
    "dy",
    "dt",
    "distance",
    "velocity",
    "acceleration",
    "angle_change"
  ],
  "static_features": [
    "duration",
    "log_count",
    "total_distance",
    "straight_distance",
    "distance_ratio",
    "avg_speed",
    "max_speed",
    "speed_std",
    "direction_changes",
    "pauses"
  ],
  "seq_scaler": {
    "mean": [
      0.14015985583615537,
      0.26463278208885715,
      72.3600071879445,
      156.34012983308898,
      2.2688172494603593,
      0.0012560572679069409,
      1.0496937698163578
    ],
    "scale": [
      202.51817028429042,
      149.7026582602316,
      717.7732449336279,
      197.43948096891359,
      2.885011900407741,
      0.037602723471528036,
      1.066793363200405
    ],
    "var": [
      41013.609295296854,
      22410.885890179692,
      515198.43114254985,
      38982.34864527399,
      8.323293665494283,
      0.0014139648124762056,
      1.138048079768431
    ]
  },
  "static_scaler": {
    "mean": [
      3670.926517571885,
      53.081905315132154,
      8790.466746001752,
      320.9593591393685,
      41.30805101076635,
      2.3211692479665484,
      5.7785405488481905,
      1.3271722217484543,
      27.47937844902701,
      0.3001742666279407
    ],
    "scale": [
      3024.533034166283,
      38.767708245954104,
      10991.34837622094,
      166.22256951136384,
      185.86703335441615,
      2.4415674228435735,
      5.260032306368475,
      1.2167140948104653,
      26.189845592536354,
      0.9176473434535974
    ],
    "var": [
      9147800.074763102,
      1502.9352026434178,
      120809739.12745468,
      27629.942614960186,
      34546.55408797165,
      5.9612514802910095,
      27.667939864040058,
      1.4803931885104502,
      685.908012160896,
      0.8420766469474446
    ]
  },
  "threshold_policy": {
    "score_name": "bot_risk_score",
    "low_risk_threshold": 0.05,
    "high_risk_threshold": 0.6,
    "three_attempt_policy": {
      "attempts": 3,
      "block_suspicious_count": 2,
      "block_high_risk_count": 1,
      "block_total_score": 0.25
    }
  }
}