benchmark,included_sources,n,tn,fp,fn,tp,accuracy,precision_spoof,recall_spoof,f1_spoof,attack_block_rate,attack_pass_rate,genuine_pass_rate,frr_genuine_reject_rate
Main Benchmark,"S_dataset_sequence, ATK_external_clip",162,66,6,7,83,0.9197530864197531,0.9325842696629213,0.9222222222222223,0.9273743016759777,0.9222222222222223,0.07777777777777778,0.9166666666666666,0.08333333333333333
R_live Stress Test,R_live_clip,21,1,20,0,0,0.047619047619047616,0.0,0.0,0.0,0.0,0.0,0.047619047619047616,0.9523809523809523
